domain,region_positions,domain_residues,num_residues_in_domain,start_position,end_position,length,residues,positions,pos_res_pairs,probabilities,cumulative_value,average_value
LepR_FNIII1,21;22;23;24,SPPL,4,259,262,4,"['S', 'P', 'P', 'L']","[259, 260, 261, 262]","['259:S', '260:P', '261:P', '262:L']","258    0.303232
259    0.283846
260    0.275474
261    0.362163
Name: Probabilities, dtype: float64",1.22471481,0.3061787025
LepR_IgD,1;2;3;4;5;6;7,QDVIYFP,7,331,337,7,"['Q', 'D', 'V', 'I', 'Y', 'F', 'P']","[331, 332, 333, 334, 335, 336, 337]","['331:Q', '332:D', '333:V', '334:I', '335:Y', '336:F', '337:P']","330    0.278397
331    0.284939
332    0.341745
333    0.297224
334    0.325105
335    0.353856
336    0.290488
Name: Probabilities, dtype: float64",2.17175295,0.31025042142857145
LepR_IgD,50;51;52;53;54,QYDVV,5,380,384,5,"['Q', 'Y', 'D', 'V', 'V']","[380, 381, 382, 383, 384]","['380:Q', '381:Y', '382:D', '383:V', '384:V']","379    0.358122
380    0.269612
381    0.282063
382    0.343850
383    0.266911
Name: Probabilities, dtype: float64",1.5205576299999999,0.30411152599999997
LepR_IgD,80;81;82;83,VYCC,4,410,413,4,"['V', 'Y', 'C', 'C']","[410, 411, 412, 413]","['410:V', '411:Y', '412:C', '413:C']","409    0.295065
410    0.305348
411    0.265926
412    0.292173
Name: Probabilities, dtype: float64",1.15851266,0.289628165
LepR_IgD,89;90;91;92,HHRY,4,419,422,4,"['H', 'H', 'R', 'Y']","[419, 420, 421, 422]","['419:H', '420:H', '421:R', '422:Y']","418    0.352321
419    0.330694
420    0.349165
421    0.319353
Name: Probabilities, dtype: float64",1.35153282,0.337883205
LepR_IgD,98;99,ID,2,428,433,6,"['I', 'D', 'V', 'N', 'I', 'N']","[428, 429, 430, 431, 432, 433]","['428:I', '429:D', '430:V', '431:N', '432:I', '433:N']","427    0.284467
428    0.290022
429    0.275991
430    0.265260
431    0.264991
432    0.267214
Name: Probabilities, dtype: float64",1.6479455900000002,0.27465759833333336
LepR_LCRH2,4;5;6;7;8;9;10;11;12;13,RSSLYCSDIP,10,468,477,10,"['R', 'S', 'S', 'L', 'Y', 'C', 'S', 'D', 'I', 'P']","[468, 469, 470, 471, 472, 473, 474, 475, 476, 477]","['468:R', '469:S', '470:S', '471:L', '472:Y', '473:C', '474:S', '475:D', '476:I', '477:P']","467    0.344411
468    0.287083
469    0.275658
470    0.367422
471    0.308284
472    0.390369
473    0.319655
474    0.280450
475    0.275988
476    0.303709
Name: Probabilities, dtype: float64",3.15302818,0.31530281800000004
LepR_Lepbind,2;3;4;5;6;7;8;9;10;11,RSSLYCSDIP,10,468,477,10,"['R', 'S', 'S', 'L', 'Y', 'C', 'S', 'D', 'I', 'P']","[468, 469, 470, 471, 472, 473, 474, 475, 476, 477]","['468:R', '469:S', '470:S', '471:L', '472:Y', '473:C', '474:S', '475:D', '476:I', '477:P']","467    0.344411
468    0.287083
469    0.275658
470    0.367422
471    0.308284
472    0.390369
473    0.319655
474    0.280450
475    0.275988
476    0.303709
Name: Probabilities, dtype: float64",3.15302818,0.31530281800000004
LepR_LCRH2,23;24;25;26,DCYL,4,487,490,4,"['D', 'C', 'Y', 'L']","[487, 488, 489, 490]","['487:D', '488:C', '489:Y', '490:L']","486    0.323688
487    0.298799
488    0.265485
489    0.354636
Name: Probabilities, dtype: float64",1.24260857,0.3106521425
LepR_Lepbind,21;22;23,DCY,3,487,490,4,"['D', 'C', 'Y', 'L']","[487, 488, 489, 490]","['487:D', '488:C', '489:Y', '490:L']","486    0.323688
487    0.298799
488    0.265485
489    0.354636
Name: Probabilities, dtype: float64",1.24260857,0.3106521425
LepR_LCRH2,40;41;42;43;44;45;46,FLLSGYT,7,504,510,7,"['F', 'L', 'L', 'S', 'G', 'Y', 'T']","[504, 505, 506, 507, 508, 509, 510]","['504:F', '505:L', '506:L', '507:S', '508:G', '509:Y', '510:T']","503    0.391981
504    0.380354
505    0.363167
506    0.268570
507    0.357364
508    0.326952
509    0.272138
Name: Probabilities, dtype: float64",2.3605253700000004,0.33721791000000007
LepR_LCRH2,58;59;60;61;62,LDSPP,5,522,526,5,"['L', 'D', 'S', 'P', 'P']","[522, 523, 524, 525, 526]","['522:L', '523:D', '524:S', '525:P', '526:P']","521    0.300332
522    0.308659
523    0.298853
524    0.308915
525    0.371972
Name: Probabilities, dtype: float64",1.58873087,0.317746174
LepR_LCRH2,66;67;68;69;70,LPDSV,5,530,534,5,"['L', 'P', 'D', 'S', 'V']","[530, 531, 532, 533, 534]","['530:L', '531:P', '532:D', '533:S', '534:V']","529    0.430619
530    0.273341
531    0.326742
532    0.295140
533    0.293212
Name: Probabilities, dtype: float64",1.6190533,0.32381066000000003
LepR_FNIII2,42;43;44;45,EVQW,4,580,583,4,"['E', 'V', 'Q', 'W']","[580, 581, 582, 583]","['580:E', '581:V', '582:Q', '583:W']","579    0.320515
580    0.271638
581    0.291244
582    0.335234
Name: Probabilities, dtype: float64",1.2186310900000001,0.30465777250000003
LepR_LCRH2,116;117;118;119,EVQW,4,580,583,4,"['E', 'V', 'Q', 'W']","[580, 581, 582, 583]","['580:E', '581:V', '582:Q', '583:W']","579    0.320515
580    0.271638
581    0.291244
582    0.335234
Name: Probabilities, dtype: float64",1.2186310900000001,0.30465777250000003
LepR_FNIII2,64;65;66;67;68;69;70,DLCAVYA,7,602,608,7,"['D', 'L', 'C', 'A', 'V', 'Y', 'A']","[602, 603, 604, 605, 606, 607, 608]","['602:D', '603:L', '604:C', '605:A', '606:V', '607:Y', '608:A']","601    0.309174
602    0.434103
603    0.323529
604    0.277658
605    0.445682
606    0.323867
607    0.281687
Name: Probabilities, dtype: float64",2.39570014,0.34224287714285717
LepR_LCRH2,138;139;140;141;142;143;144,DLCAVYA,7,602,608,7,"['D', 'L', 'C', 'A', 'V', 'Y', 'A']","[602, 603, 604, 605, 606, 607, 608]","['602:D', '603:L', '604:C', '605:A', '606:V', '607:Y', '608:A']","601    0.309174
602    0.434103
603    0.323529
604    0.277658
605    0.445682
606    0.323867
607    0.281687
Name: Probabilities, dtype: float64",2.39570014,0.34224287714285717
LepR_LFNIII,1;2;3;4;5,CAVYA,5,602,608,7,"['D', 'L', 'C', 'A', 'V', 'Y', 'A']","[602, 603, 604, 605, 606, 607, 608]","['602:D', '603:L', '604:C', '605:A', '606:V', '607:Y', '608:A']","601    0.309174
602    0.434103
603    0.323529
604    0.277658
605    0.445682
606    0.323867
607    0.281687
Name: Probabilities, dtype: float64",2.39570014,0.34224287714285717
LepR_FNIII2,81;82;83;84;85,LGYWS,5,619,623,5,"['L', 'G', 'Y', 'W', 'S']","[619, 620, 621, 622, 623]","['619:L', '620:G', '621:Y', '622:W', '623:S']","618    0.328980
619    0.266709
620    0.295472
621    0.315263
622    0.365556
Name: Probabilities, dtype: float64",1.57198027,0.31439605400000004
LepR_LFNIII,16;17;18;19;20,LGYWS,5,619,623,5,"['L', 'G', 'Y', 'W', 'S']","[619, 620, 621, 622, 623]","['619:L', '620:G', '621:Y', '622:W', '623:S']","618    0.328980
619    0.266709
620    0.295472
621    0.315263
622    0.365556
Name: Probabilities, dtype: float64",1.57198027,0.31439605400000004
LepR_WMotif,1;2,WS,2,619,623,5,"['L', 'G', 'Y', 'W', 'S']","[619, 620, 621, 622, 623]","['619:L', '620:G', '621:Y', '622:W', '623:S']","618    0.328980
619    0.266709
620    0.295472
621    0.315263
622    0.365556
Name: Probabilities, dtype: float64",1.57198027,0.31439605400000004
LepR_FNIII2,94;95;96,VVM,3,632,636,5,"['V', 'V', 'M', 'D', 'I']","[632, 633, 634, 635, 636]","['632:V', '633:V', '634:M', '635:D', '636:I']","631    0.438233
632    0.300371
633    0.307040
634    0.359342
635    0.318848
Name: Probabilities, dtype: float64",1.7238347200000002,0.344766944
LepR_LFNIII,29;30;31;32;33,VVMDI,5,632,636,5,"['V', 'V', 'M', 'D', 'I']","[632, 633, 634, 635, 636]","['632:V', '633:V', '634:M', '635:D', '636:I']","631    0.438233
632    0.300371
633    0.307040
634    0.359342
635    0.318848
Name: Probabilities, dtype: float64",1.7238347200000002,0.344766944
LepR_FNIII3,6;7;8;9;10;11;12;13;14;15;16;17,EFWRIINGDTMK,12,644,655,12,"['E', 'F', 'W', 'R', 'I', 'I', 'N', 'G', 'D', 'T', 'M', 'K']","[644, 645, 646, 647, 648, 649, 650, 651, 652, 653, 654, 655]","['644:E', '645:F', '646:W', '647:R', '648:I', '649:I', '650:N', '651:G', '652:D', '653:T', '654:M', '655:K']","643    0.285880
644    0.317087
645    0.320070
646    0.323660
647    0.289136
648    0.284460
649    0.299066
650    0.295021
651    0.309224
652    0.330832
653    0.301678
654    0.282480
Name: Probabilities, dtype: float64",3.6385947599999997,0.30321623
LepR_LFNIII,41;42;43;44;45;46;47;48;49;50;51;52,EFWRIINGDTMK,12,644,655,12,"['E', 'F', 'W', 'R', 'I', 'I', 'N', 'G', 'D', 'T', 'M', 'K']","[644, 645, 646, 647, 648, 649, 650, 651, 652, 653, 654, 655]","['644:E', '645:F', '646:W', '647:R', '648:I', '649:I', '650:N', '651:G', '652:D', '653:T', '654:M', '655:K']","643    0.285880
644    0.317087
645    0.320070
646    0.323660
647    0.289136
648    0.284460
649    0.299066
650    0.295021
651    0.309224
652    0.330832
653    0.301678
654    0.282480
Name: Probabilities, dtype: float64",3.6385947599999997,0.30321623
LepR_FNIII3,47;48;49;50,TSCN,4,685,688,4,"['T', 'S', 'C', 'N']","[685, 686, 687, 688]","['685:T', '686:S', '687:C', '688:N']","684    0.277115
685    0.293123
686    0.302052
687    0.274474
Name: Probabilities, dtype: float64",1.1467636300000001,0.28669090750000004
LepR_LFNIII,82;83;84;85,TSCN,4,685,688,4,"['T', 'S', 'C', 'N']","[685, 686, 687, 688]","['685:T', '686:S', '687:C', '688:N']","684    0.277115
685    0.293123
686    0.302052
687    0.274474
Name: Probabilities, dtype: float64",1.1467636300000001,0.28669090750000004
LepR_FNIII3,52;53;54;55;56;57,TWSEDV,6,690,695,6,"['T', 'W', 'S', 'E', 'D', 'V']","[690, 691, 692, 693, 694, 695]","['690:T', '691:W', '692:S', '693:E', '694:D', '695:V']","689    0.296185
690    0.324015
691    0.271408
692    0.382793
693    0.343372
694    0.361932
Name: Probabilities, dtype: float64",1.97970514,0.3299508566666667
LepR_LFNIII,87;88;89;90;91;92,TWSEDV,6,690,695,6,"['T', 'W', 'S', 'E', 'D', 'V']","[690, 691, 692, 693, 694, 695]","['690:T', '691:W', '692:S', '693:E', '694:D', '695:V']","689    0.296185
690    0.324015
691    0.271408
692    0.382793
693    0.343372
694    0.361932
Name: Probabilities, dtype: float64",1.97970514,0.3299508566666667
LepR_FNIII3,64;65;66;67;68;69;70;71,TFLWTEQA,8,702,709,8,"['T', 'F', 'L', 'W', 'T', 'E', 'Q', 'A']","[702, 703, 704, 705, 706, 707, 708, 709]","['702:T', '703:F', '704:L', '705:W', '706:T', '707:E', '708:Q', '709:A']","701    0.300924
702    0.283915
703    0.317885
704    0.329889
705    0.300809
706    0.354218
707    0.293425
708    0.307417
Name: Probabilities, dtype: float64",2.48848176,0.31106022
LepR_LFNIII,99;100;101;102;103;104;105;106,TFLWTEQA,8,702,709,8,"['T', 'F', 'L', 'W', 'T', 'E', 'Q', 'A']","[702, 703, 704, 705, 706, 707, 708, 709]","['702:T', '703:F', '704:L', '705:W', '706:T', '707:E', '708:Q', '709:A']","701    0.300924
702    0.283915
703    0.317885
704    0.329889
705    0.300809
706    0.354218
707    0.293425
708    0.307417
Name: Probabilities, dtype: float64",2.48848176,0.31106022
LepR_FNIII3,94;95;96;97,SWPM,4,732,735,4,"['S', 'W', 'P', 'M']","[732, 733, 734, 735]","['732:S', '733:W', '734:P', '735:M']","731    0.309125
732    0.372858
733    0.300971
734    0.304000
Name: Probabilities, dtype: float64",1.28695275,0.3217381875
LepR_LFNIII,129;130;131;132,SWPM,4,732,735,4,"['S', 'W', 'P', 'M']","[732, 733, 734, 735]","['732:S', '733:W', '734:P', '735:M']","731    0.309125
732    0.372858
733    0.300971
734    0.304000
Name: Probabilities, dtype: float64",1.28695275,0.3217381875
LepR_FNIII4,10;11;12;13;14,LNSSC,5,749,753,5,"['L', 'N', 'S', 'S', 'C']","[749, 750, 751, 752, 753]","['749:L', '750:N', '751:S', '752:S', '753:C']","748    0.485108
749    0.301266
750    0.312396
751    0.269422
752    0.393803
Name: Probabilities, dtype: float64",1.76199525,0.35239905
LepR_LFNIII,146;147;148;149;150,LNSSC,5,749,753,5,"['L', 'N', 'S', 'S', 'C']","[749, 750, 751, 752, 753]","['749:L', '750:N', '751:S', '752:S', '753:C']","748    0.485108
749    0.301266
750    0.312396
751    0.269422
752    0.393803
Name: Probabilities, dtype: float64",1.76199525,0.35239905
LepR_FNIII4,25;26;27;28;29;30,DYKLMY,6,764,769,6,"['D', 'Y', 'K', 'L', 'M', 'Y']","[764, 765, 766, 767, 768, 769]","['764:D', '765:Y', '766:K', '767:L', '768:M', '769:Y']","763    0.277437
764    0.297092
765    0.315878
766    0.281700
767    0.292132
768    0.410634
Name: Probabilities, dtype: float64",1.87487252,0.31247875333333336
LepR_FNIII4,46;47;48;49,WLRI,4,785,788,4,"['W', 'L', 'R', 'I']","[785, 786, 787, 788]","['785:W', '786:L', '787:R', '788:I']","784    0.327085
785    0.353163
786    0.373032
787    0.265789
Name: Probabilities, dtype: float64",1.31906878,0.329767195
LepR_FNIII4,63;64;65;66;67;68,IPIEKY,6,802,807,6,"['I', 'P', 'I', 'E', 'K', 'Y']","[802, 803, 804, 805, 806, 807]","['802:I', '803:P', '804:I', '805:E', '806:K', '807:Y']","801    0.278169
802    0.299015
803    0.300221
804    0.296737
805    0.275621
806    0.332216
Name: Probabilities, dtype: float64",1.7819784999999997,0.2969964166666666
LepR_FNIII4,75;76;77;78,IFME,4,814,817,4,"['I', 'F', 'M', 'E']","[814, 815, 816, 817]","['814:I', '815:F', '816:M', '817:E']","813    0.294502
814    0.336292
815    0.342411
816    0.288820
Name: Probabilities, dtype: float64",1.26202528,0.31550632
LepR_FNIII4,89;90;91;92;93;94,FTQDDI,6,828,848,21,"['F', 'T', 'Q', 'D', 'D', 'I', 'E', 'K', 'H', 'Q', 'S', 'D', 'A', 'G', 'L', 'Y', 'V', 'I', 'V', 'P', 'V']","[828, 829, 830, 831, 832, 833, 834, 835, 836, 837, 838, 839, 840, 841, 842, 843, 844, 845, 846, 847, 848]","['828:F', '829:T', '830:Q', '831:D', '832:D', '833:I', '834:E', '835:K', '836:H', '837:Q', '838:S', '839:D', '840:A', '841:G', '842:L', '843:Y', '844:V', '845:I', '846:V', '847:P', '848:V']","827    0.347644
828    0.355266
829    0.355061
830    0.370273
831    0.353265
832    0.356550
833    0.303172
834    0.293667
835    0.299516
836    0.380143
837    0.356173
838    0.445994
839    0.382324
840    0.390741
841    0.559174
842    0.374535
843    0.321344
844    0.294578
845    0.392243
846    0.267721
847    0.334594
Name: Probabilities, dtype: float64",7.533979519999999,0.3587609295238095
LepR_Box1,1;2;3;4;5;6;7;8,FWEDVPNP,8,867,878,12,"['M', 'K', 'K', 'L', 'F', 'W', 'E', 'D', 'V', 'P', 'N', 'P']","[867, 868, 869, 870, 871, 872, 873, 874, 875, 876, 877, 878]","['867:M', '868:K', '869:K', '870:L', '871:F', '872:W', '873:E', '874:D', '875:V', '876:P', '877:N', '878:P']","866    0.375885
867    0.269481
868    0.323584
869    0.481642
870    0.394070
871    0.424621
872    0.401841
873    0.432860
874    0.381142
875    0.335107
876    0.296443
877    0.360794
Name: Probabilities, dtype: float64",4.47747097,0.37312258083333333
LepR_JAK2,1;2;3;4;5;6,ETFEHL,6,880,899,20,"['N', 'C', 'S', 'W', 'A', 'Q', 'G', 'L', 'N', 'F', 'Q', 'K', 'P', 'E', 'T', 'F', 'E', 'H', 'L', 'F']","[880, 881, 882, 883, 884, 885, 886, 887, 888, 889, 890, 891, 892, 893, 894, 895, 896, 897, 898, 899]","['880:N', '881:C', '882:S', '883:W', '884:A', '885:Q', '886:G', '887:L', '888:N', '889:F', '890:Q', '891:K', '892:P', '893:E', '894:T', '895:F', '896:E', '897:H', '898:L', '899:F']","879    0.329864
880    0.343634
881    0.300250
882    0.405530
883    0.286922
884    0.364276
885    0.298201
886    0.310713
887    0.287640
888    0.347263
889    0.311383
890    0.289565
891    0.307374
892    0.301477
893    0.317881
894    0.312243
895    0.350468
896    0.281072
897    0.350773
898    0.309284
Name: Probabilities, dtype: float64",6.40581555,0.3202907775
LepR_STAT3,1;2,LF,2,880,899,20,"['N', 'C', 'S', 'W', 'A', 'Q', 'G', 'L', 'N', 'F', 'Q', 'K', 'P', 'E', 'T', 'F', 'E', 'H', 'L', 'F']","[880, 881, 882, 883, 884, 885, 886, 887, 888, 889, 890, 891, 892, 893, 894, 895, 896, 897, 898, 899]","['880:N', '881:C', '882:S', '883:W', '884:A', '885:Q', '886:G', '887:L', '888:N', '889:F', '890:Q', '891:K', '892:P', '893:E', '894:T', '895:F', '896:E', '897:H', '898:L', '899:F']","879    0.329864
880    0.343634
881    0.300250
882    0.405530
883    0.286922
884    0.364276
885    0.298201
886    0.310713
887    0.287640
888    0.347263
889    0.311383
890    0.289565
891    0.307374
892    0.301477
893    0.317881
894    0.312243
895    0.350468
896    0.281072
897    0.350773
898    0.309284
Name: Probabilities, dtype: float64",6.40581555,0.3202907775
