No,Code,Name,AA,Fmoc,Na2CO3,MgSO4,H2O,Dioxane,DCM ,Hexane,HCl,Silica sample,Silica col,Purification duration,Total purification solvent,Purification Solvent B,DCM,Chlorofom,MeOH,Acetic acid
1,FA1,Fmoc-L-Leu,251,771.21,243.3,5.89E+02,8,5,15,10,105,2090.3,12000,26.6,798,75.87,10,722.13,50.58,25.29
2,FA2,Fmoc-L-Trp,250.3,495.6,155.8,7.43E+02,5,5,15,30,78,1577.2,12000,25,750,75.87,10,674.13,50.58,25.29
3,FA3,Fmoc-L-Ala,251.4,1135.7,357.8,5.94E+02,5,5,15,70,130,3133.1,12000,26.6,798,68.37,10,729.63,45.58,22.79
4,FA4,Fmoc-L-Pro,251.7,878.7,276.2,8.65E+02,5,5,15,10,80,2938.1,12000,21.6,648,68.37,10,579.63,45.58,22.79
5,FA5,Fmoc-L-Leu,250.3,772.4,243.4,7.93E+02,5,5,15,50,110,2390.8,12000,19.625,588.75,66.879375,10,521.870625,41.589375,22.293125
6,FA6,Fmoc-L-Trp,250.6,496.2,155.3,8.11E+02,5,5,16,50,76,2390.8,12000,21.25,637.5,70.245,10,567.255,46.83,23.415
7,FA7,Fmoc-L-Ala,250,1135.1,355.7,2385.1,5,5,15,40,130,2082.7,12000,,,,,,,
8,FA8,Fmoc-L-Cys,250,643.5,202.25,1071.9,5,5,15,15,50,,12000,,,,,,,
9,FA9,Fmoc-L-Pro,250.1,878.1,275.7,887.2,5,5,15,10,105,,12000,,,,,,,
10,FA10,Fmoc-L-Cys,250.9,644.3,203.5,642.7,5,5,15,15,51,,12000,,,,,,,
